<?xml version="1.0" encoding="UTF-8"?>
<project-private xmlns="http://www.netbeans.org/ns/project-private/1">
    <editor-bookmarks xmlns="http://www.netbeans.org/ns/editor-bookmarks/2" lastBookmarkId="0"/>
    <open-files xmlns="http://www.netbeans.org/ns/projectui-open-files/2">
        <group>
            <file>file:/E:/Savonia%20OneDrive/OneDrive%20-%20Savonia-ammattikorkeakoulu/Java/10harjoitukset/src/pkg10harjoitukset/UserDAO.java</file>
            <file>file:/E:/Savonia%20OneDrive/OneDrive%20-%20Savonia-ammattikorkeakoulu/Java/10harjoitukset/test/pkg10harjoitukset/NewTestSuite.java</file>
            <file>file:/E:/Savonia%20OneDrive/OneDrive%20-%20Savonia-ammattikorkeakoulu/Java/10harjoitukset/src/pkg10harjoitukset/t38.java</file>
            <file>file:/E:/Savonia%20OneDrive/OneDrive%20-%20Savonia-ammattikorkeakoulu/Java/10harjoitukset/test/pkg10harjoitukset/UserDAOTest.java</file>
            <file>file:/E:/Savonia%20OneDrive/OneDrive%20-%20Savonia-ammattikorkeakoulu/Java/10harjoitukset/src/pkg10harjoitukset/ProjectManagementController.java</file>
            <file>file:/E:/Savonia%20OneDrive/OneDrive%20-%20Savonia-ammattikorkeakoulu/Java/10harjoitukset/src/pkg10harjoitukset/User.java</file>
        </group>
    </open-files>
</project-private>
